id,eventId,minute,second,team_name,x,y,expandedMinute,qualifiers,satisfiedEventsTypes,isTouch,period_value,period_displayName,type_value,type_displayName,outcomeType_value,outcomeType_displayName,player_name,endX,endY,cardType_value,cardType_displayName,relatedEventId,relatedPlayerId,goalMouthZ,goalMouthY,isShot,isGoal,blockedX,blockedY,isOwnGoal
2322363373.0,225,28,51.0,Fiorentina,53.4,69.6,28,"[{'type': {'value': 155, 'displayName': 'Chipped'}}, {'type': {'value': 56, 'displayName': 'Zone'}, 'value': 'Center'}, {'type': {'value': 140, 'displayName': 'PassEndX'}, 'value': '87.8'}, {'type': {'value': 5, 'displayName': 'FreekickTaken'}}, {'type': {'value': 154, 'displayName': 'IntentionalAssist'}}, {'type': {'value': 212, 'displayName': 'Length'}, 'value': '36.3'}, {'type': {'value': 1, 'displayName': 'Longball'}}, {'type': {'value': 141, 'displayName': 'PassEndY'}, 'value': '75.0'}, {'type': {'value': 213, 'displayName': 'Angle'}, 'value': '0.1'}, {'type': {'value': 210, 'displayName': 'ShotAssist'}, 'value': '13'}, {'type': {'value': 178, 'displayName': 'StandingSave'}}, {'type': {'value': 11113, 'displayName': 'KeyPass'}}]","[91, 119, 117, 123, 124, 127, 132, 205, 39, 44, 36, 37, 217, 218]",True,1,FirstHalf,1,Pass,1,Successful,Erick Pulgar,87.8,75.0,,,,,,,,,,,
2322374529.0,335,41,50.0,Fiorentina,73.7,10.6,41,"[{'type': {'value': 2, 'displayName': 'Cross'}}, {'type': {'value': 20, 'displayName': 'RightFoot'}}, {'type': {'value': 178, 'displayName': 'StandingSave'}}, {'type': {'value': 210, 'displayName': 'ShotAssist'}, 'value': '15'}, {'type': {'value': 154, 'displayName': 'IntentionalAssist'}}, {'type': {'value': 5, 'displayName': 'FreekickTaken'}}, {'type': {'value': 1, 'displayName': 'Longball'}}, {'type': {'value': 212, 'displayName': 'Length'}, 'value': '43.3'}, {'type': {'value': 213, 'displayName': 'Angle'}, 'value': '1.2'}, {'type': {'value': 141, 'displayName': 'PassEndY'}, 'value': '69.1'}, {'type': {'value': 155, 'displayName': 'Chipped'}}, {'type': {'value': 56, 'displayName': 'Zone'}, 'value': 'Center'}, {'type': {'value': 140, 'displayName': 'PassEndX'}, 'value': '90.1'}, {'type': {'value': 11113, 'displayName': 'KeyPass'}}]","[91, 119, 123, 137, 124, 125, 39, 41, 44, 36, 37, 217, 218]",True,1,FirstHalf,1,Pass,1,Successful,Erick Pulgar,90.1,69.1,,,,,,,,,,,
2322396479.0,472,54,17.0,Fiorentina,86.9,66.4,57,"[{'type': {'value': 140, 'displayName': 'PassEndX'}, 'value': '88.8'}, {'type': {'value': 3, 'displayName': 'HeadPass'}}, {'type': {'value': 210, 'displayName': 'ShotAssist'}, 'value': '15'}, {'type': {'value': 212, 'displayName': 'Length'}, 'value': '12.9'}, {'type': {'value': 213, 'displayName': 'Angle'}, 'value': '4.9'}, {'type': {'value': 154, 'displayName': 'IntentionalAssist'}}, {'type': {'value': 141, 'displayName': 'PassEndY'}, 'value': '47.6'}, {'type': {'value': 56, 'displayName': 'Zone'}, 'value': 'Center'}, {'type': {'value': 11112, 'displayName': 'BigChanceCreated'}}, {'type': {'value': 11113, 'displayName': 'KeyPass'}}]","[91, 119, 117, 30, 123, 139, 203, 205, 40, 46, 36, 38, 217, 218]",True,2,SecondHalf,1,Pass,1,Successful,Nicolás González,88.8,47.6,,,,,,,,,,,
2322426957.0,858,92,30.0,Fiorentina,67.8,80.8,95,"[{'type': {'value': 140, 'displayName': 'PassEndX'}, 'value': '77.4'}, {'type': {'value': 56, 'displayName': 'Zone'}, 'value': 'Center'}, {'type': {'value': 141, 'displayName': 'PassEndY'}, 'value': '68.0'}, {'type': {'value': 212, 'displayName': 'Length'}, 'value': '13.3'}, {'type': {'value': 213, 'displayName': 'Angle'}, 'value': '5.6'}, {'type': {'value': 210, 'displayName': 'ShotAssist'}, 'value': '15'}, {'type': {'value': 178, 'displayName': 'StandingSave'}}, {'type': {'value': 11113, 'displayName': 'KeyPass'}}]","[91, 119, 117, 30, 123, 205, 40, 46, 36, 38, 217, 218]",True,2,SecondHalf,1,Pass,1,Successful,Cristiano Biraghi,77.4,68.0,,,,,,,,,,,
2324523399.0,40,2,37.0,Fiorentina,61.0,25.5,2,"[{'type': {'value': 212, 'displayName': 'Length'}, 'value': '14.5'}, {'type': {'value': 178, 'displayName': 'StandingSave'}}, {'type': {'value': 56, 'displayName': 'Zone'}, 'value': 'Center'}, {'type': {'value': 140, 'displayName': 'PassEndX'}, 'value': '74.5'}, {'type': {'value': 213, 'displayName': 'Angle'}, 'value': '0.2'}, {'type': {'value': 141, 'displayName': 'PassEndY'}, 'value': '29.8'}, {'type': {'value': 210, 'displayName': 'ShotAssist'}, 'value': '15'}, {'type': {'value': 11113, 'displayName': 'KeyPass'}}]","[91, 119, 117, 30, 123, 205, 40, 46, 36, 37, 217, 218]",True,1,FirstHalf,1,Pass,1,Successful,Lorenzo Venuti,74.5,29.8,,,,,,,,,,,
2324598159.0,602,68,58.0,Fiorentina,88.2,25.9,71,"[{'type': {'value': 140, 'displayName': 'PassEndX'}, 'value': '89.0'}, {'type': {'value': 154, 'displayName': 'IntentionalAssist'}}, {'type': {'value': 212, 'displayName': 'Length'}, 'value': '15.0'}, {'type': {'value': 210, 'displayName': 'ShotAssist'}, 'value': '16'}, {'type': {'value': 23, 'displayName': 'FastBreak'}}, {'type': {'value': 141, 'displayName': 'PassEndY'}, 'value': '47.9'}, {'type': {'value': 178, 'displayName': 'StandingSave'}}, {'type': {'value': 155, 'displayName': 'Chipped'}}, {'type': {'value': 56, 'displayName': 'Zone'}, 'value': 'Center'}, {'type': {'value': 213, 'displayName': 'Angle'}, 'value': '1.5'}, {'type': {'value': 11111, 'displayName': 'IntentionalGoalAssist'}}, {'type': {'value': 11113, 'displayName': 'KeyPass'}}]","[91, 92, 100, 119, 117, 30, 123, 124, 205, 40, 46, 52, 36, 37, 217, 218]",True,2,SecondHalf,1,Pass,1,Successful,Giacomo Bonaventura,89.0,47.9,,,,,,,,,,,
2331346729.0,458,47,2.0,Fiorentina,79.4,84.6,47,"[{'type': {'value': 213, 'displayName': 'Angle'}, 'value': '4.4'}, {'type': {'value': 141, 'displayName': 'PassEndY'}, 'value': '63.0'}, {'type': {'value': 140, 'displayName': 'PassEndX'}, 'value': '74.2'}, {'type': {'value': 210, 'displayName': 'ShotAssist'}, 'value': '13'}, {'type': {'value': 212, 'displayName': 'Length'}, 'value': '15.7'}, {'type': {'value': 3, 'displayName': 'HeadPass'}}, {'type': {'value': 56, 'displayName': 'Zone'}, 'value': 'Center'}, {'type': {'value': 11113, 'displayName': 'KeyPass'}}]","[91, 119, 117, 30, 123, 139, 205, 40, 46, 35, 38, 217, 218]",True,1,FirstHalf,1,Pass,1,Successful,Nicolás González,74.2,63.0,,,,,,,,,,,
2333182195.0,646,71,41.0,Fiorentina,53.8,66.4,72,"[{'type': {'value': 140, 'displayName': 'PassEndX'}, 'value': '78.3'}, {'type': {'value': 210, 'displayName': 'ShotAssist'}, 'value': '15'}, {'type': {'value': 56, 'displayName': 'Zone'}, 'value': 'Center'}, {'type': {'value': 212, 'displayName': 'Length'}, 'value': '26.1'}, {'type': {'value': 213, 'displayName': 'Angle'}, 'value': '6.1'}, {'type': {'value': 178, 'displayName': 'StandingSave'}}, {'type': {'value': 141, 'displayName': 'PassEndY'}, 'value': '59.6'}, {'type': {'value': 11113, 'displayName': 'KeyPass'}}]","[91, 119, 117, 30, 123, 205, 40, 46, 36, 38, 217, 218]",True,2,SecondHalf,1,Pass,1,Successful,Matija Nastasic,78.3,59.6,,,,,,,,,,,
2335621905.0,928,90,23.0,Fiorentina,76.7,38.9,94,"[{'type': {'value': 56, 'displayName': 'Zone'}, 'value': 'Center'}, {'type': {'value': 140, 'displayName': 'PassEndX'}, 'value': '87.0'}, {'type': {'value': 213, 'displayName': 'Angle'}, 'value': '6.2'}, {'type': {'value': 210, 'displayName': 'ShotAssist'}, 'value': '13'}, {'type': {'value': 154, 'displayName': 'IntentionalAssist'}}, {'type': {'value': 141, 'displayName': 'PassEndY'}, 'value': '37.0'}, {'type': {'value': 212, 'displayName': 'Length'}, 'value': '10.9'}, {'type': {'value': 178, 'displayName': 'StandingSave'}}, {'type': {'value': 11113, 'displayName': 'KeyPass'}}]","[91, 119, 117, 30, 123, 205, 40, 46, 36, 38, 217, 218]",True,2,SecondHalf,1,Pass,1,Successful,José Callejón,87.0,37.0,,,,,,,,,,,
2338957275.0,431,46,26.0,Fiorentina,99.7,99.6,47,"[{'type': {'value': 56, 'displayName': 'Zone'}, 'value': 'Center'}, {'type': {'value': 178, 'displayName': 'StandingSave'}}, {'type': {'value': 6, 'displayName': 'CornerTaken'}}, {'type': {'value': 141, 'displayName': 'PassEndY'}, 'value': '32.4'}, {'type': {'value': 155, 'displayName': 'Chipped'}}, {'type': {'value': 2, 'displayName': 'Cross'}}, {'type': {'value': 140, 'displayName': 'PassEndX'}, 'value': '87.7'}, {'type': {'value': 213, 'displayName': 'Angle'}, 'value': '4.4'}, {'type': {'value': 1, 'displayName': 'Longball'}}, {'type': {'value': 72, 'displayName': 'LeftFoot'}}, {'type': {'value': 212, 'displayName': 'Length'}, 'value': '47.4'}, {'type': {'value': 210, 'displayName': 'ShotAssist'}, 'value': '15'}, {'type': {'value': 154, 'displayName': 'IntentionalAssist'}}, {'type': {'value': 11113, 'displayName': 'KeyPass'}}]","[91, 119, 123, 138, 124, 125, 31, 32, 34, 39, 41, 42, 35, 38, 217, 218]",True,2,SecondHalf,1,Pass,1,Successful,Cristiano Biraghi,87.7,32.4,,,,,,,,,,,
2338999919.0,817,91,27.0,Fiorentina,74.2,62.1,92,"[{'type': {'value': 155, 'displayName': 'Chipped'}}, {'type': {'value': 5, 'displayName': 'FreekickTaken'}}, {'type': {'value': 140, 'displayName': 'PassEndX'}, 'value': '87.2'}, {'type': {'value': 210, 'displayName': 'ShotAssist'}, 'value': '13'}, {'type': {'value': 141, 'displayName': 'PassEndY'}, 'value': '32.1'}, {'type': {'value': 154, 'displayName': 'IntentionalAssist'}}, {'type': {'value': 213, 'displayName': 'Angle'}, 'value': '5.3'}, {'type': {'value': 178, 'displayName': 'StandingSave'}}, {'type': {'value': 56, 'displayName': 'Zone'}, 'value': 'Center'}, {'type': {'value': 212, 'displayName': 'Length'}, 'value': '24.5'}, {'type': {'value': 11113, 'displayName': 'KeyPass'}}]","[91, 119, 117, 30, 123, 124, 132, 205, 40, 44, 36, 38, 217, 218]",True,2,SecondHalf,1,Pass,1,Successful,Cristiano Biraghi,87.2,32.1,,,,,,,,,,,
2343864527.0,853,85,34.0,Fiorentina,85.1,95.1,86,"[{'type': {'value': 56, 'displayName': 'Zone'}, 'value': 'Center'}, {'type': {'value': 141, 'displayName': 'PassEndY'}, 'value': '66.6'}, {'type': {'value': 212, 'displayName': 'Length'}, 'value': '20.6'}, {'type': {'value': 154, 'displayName': 'IntentionalAssist'}}, {'type': {'value': 213, 'displayName': 'Angle'}, 'value': '5.1'}, {'type': {'value': 178, 'displayName': 'StandingSave'}}, {'type': {'value': 140, 'displayName': 'PassEndX'}, 'value': '91.7'}, {'type': {'value': 210, 'displayName': 'ShotAssist'}, 'value': '15'}, {'type': {'value': 11113, 'displayName': 'KeyPass'}}]","[91, 119, 117, 30, 123, 205, 40, 46, 36, 38, 217, 218]",True,2,SecondHalf,1,Pass,1,Successful,Cristiano Biraghi,91.7,66.6,,,,,,,,,,,
2346525237.0,520,51,27.0,Fiorentina,64.0,73.8,54,"[{'type': {'value': 213, 'displayName': 'Angle'}, 'value': '5.1'}, {'type': {'value': 56, 'displayName': 'Zone'}, 'value': 'Center'}, {'type': {'value': 210, 'displayName': 'ShotAssist'}, 'value': '13'}, {'type': {'value': 140, 'displayName': 'PassEndX'}, 'value': '72.2'}, {'type': {'value': 212, 'displayName': 'Length'}, 'value': '22.3'}, {'type': {'value': 141, 'displayName': 'PassEndY'}, 'value': '43.6'}, {'type': {'value': 178, 'displayName': 'StandingSave'}}, {'type': {'value': 11113, 'displayName': 'KeyPass'}}]","[91, 119, 117, 30, 123, 205, 40, 46, 36, 38, 217, 218]",True,2,SecondHalf,1,Pass,1,Successful,Lucas Martínez Quarta,72.2,43.6,,,,,,,,,,,
2346545487.0,731,70,45.0,Fiorentina,85.4,28.6,73,"[{'type': {'value': 212, 'displayName': 'Length'}, 'value': '13.8'}, {'type': {'value': 141, 'displayName': 'PassEndY'}, 'value': '47.3'}, {'type': {'value': 210, 'displayName': 'ShotAssist'}, 'value': '15'}, {'type': {'value': 178, 'displayName': 'StandingSave'}}, {'type': {'value': 56, 'displayName': 'Zone'}, 'value': 'Center'}, {'type': {'value': 213, 'displayName': 'Angle'}, 'value': '2.0'}, {'type': {'value': 140, 'displayName': 'PassEndX'}, 'value': '80.4'}, {'type': {'value': 11113, 'displayName': 'KeyPass'}}]","[91, 119, 117, 30, 123, 205, 40, 46, 35, 37, 217, 218]",True,2,SecondHalf,1,Pass,1,Successful,Nicolás González,80.4,47.3,,,,,,,,,,,
2346545999.0,742,71,11.0,Fiorentina,94.6,82.1,74,"[{'type': {'value': 213, 'displayName': 'Angle'}, 'value': '4.5'}, {'type': {'value': 212, 'displayName': 'Length'}, 'value': '26.3'}, {'type': {'value': 154, 'displayName': 'IntentionalAssist'}}, {'type': {'value': 210, 'displayName': 'ShotAssist'}, 'value': '15'}, {'type': {'value': 56, 'displayName': 'Zone'}, 'value': 'Center'}, {'type': {'value': 155, 'displayName': 'Chipped'}}, {'type': {'value': 140, 'displayName': 'PassEndX'}, 'value': '88.4'}, {'type': {'value': 141, 'displayName': 'PassEndY'}, 'value': '44.6'}, {'type': {'value': 2, 'displayName': 'Cross'}}, {'type': {'value': 178, 'displayName': 'StandingSave'}}, {'type': {'value': 72, 'displayName': 'LeftFoot'}}, {'type': {'value': 11113, 'displayName': 'KeyPass'}}]","[91, 119, 123, 138, 124, 125, 40, 41, 35, 38, 217, 218]",True,2,SecondHalf,1,Pass,1,Successful,Aleksa Terzic,88.4,44.6,,,,,,,,,,,
2347830429.0,280,26,27.0,Fiorentina,99.5,99.5,26,"[{'type': {'value': 141, 'displayName': 'PassEndY'}, 'value': '29.4'}, {'type': {'value': 6, 'displayName': 'CornerTaken'}}, {'type': {'value': 140, 'displayName': 'PassEndX'}, 'value': '85.0'}, {'type': {'value': 213, 'displayName': 'Angle'}, 'value': '4.4'}, {'type': {'value': 1, 'displayName': 'Longball'}}, {'type': {'value': 155, 'displayName': 'Chipped'}}, {'type': {'value': 2, 'displayName': 'Cross'}}, {'type': {'value': 56, 'displayName': 'Zone'}, 'value': 'Center'}, {'type': {'value': 212, 'displayName': 'Length'}, 'value': '50.0'}, {'type': {'value': 210, 'displayName': 'ShotAssist'}, 'value': '15'}, {'type': {'value': 154, 'displayName': 'IntentionalAssist'}}, {'type': {'value': 72, 'displayName': 'LeftFoot'}}, {'type': {'value': 178, 'displayName': 'StandingSave'}}, {'type': {'value': 11113, 'displayName': 'KeyPass'}}]","[91, 119, 123, 138, 124, 125, 31, 32, 34, 39, 41, 42, 35, 38, 217, 218]",True,1,FirstHalf,1,Pass,1,Successful,Cristiano Biraghi,85.0,29.4,,,,,,,,,,,
2347888611.0,792,84,56.0,Fiorentina,37.5,76.0,85,"[{'type': {'value': 210, 'displayName': 'ShotAssist'}, 'value': '15'}, {'type': {'value': 140, 'displayName': 'PassEndX'}, 'value': '68.3'}, {'type': {'value': 1, 'displayName': 'Longball'}}, {'type': {'value': 178, 'displayName': 'StandingSave'}}, {'type': {'value': 155, 'displayName': 'Chipped'}}, {'type': {'value': 212, 'displayName': 'Length'}, 'value': '32.5'}, {'type': {'value': 141, 'displayName': 'PassEndY'}, 'value': '81.1'}, {'type': {'value': 56, 'displayName': 'Zone'}, 'value': 'Left'}, {'type': {'value': 213, 'displayName': 'Angle'}, 'value': '0.1'}, {'type': {'value': 11113, 'displayName': 'KeyPass'}}]","[91, 119, 117, 123, 124, 127, 205, 39, 46, 36, 37, 217, 218]",True,2,SecondHalf,1,Pass,1,Successful,Riccardo Saponara,68.3,81.1,,,,,,,,,,,
2349894711.0,291,32,19.0,Fiorentina,80.8,72.3,32,"[{'type': {'value': 178, 'displayName': 'StandingSave'}}, {'type': {'value': 154, 'displayName': 'IntentionalAssist'}}, {'type': {'value': 212, 'displayName': 'Length'}, 'value': '11.9'}, {'type': {'value': 213, 'displayName': 'Angle'}, 'value': '5.3'}, {'type': {'value': 56, 'displayName': 'Zone'}, 'value': 'Center'}, {'type': {'value': 140, 'displayName': 'PassEndX'}, 'value': '86.8'}, {'type': {'value': 210, 'displayName': 'ShotAssist'}, 'value': '15'}, {'type': {'value': 141, 'displayName': 'PassEndY'}, 'value': '57.5'}, {'type': {'value': 11113, 'displayName': 'KeyPass'}}]","[91, 119, 117, 30, 123, 205, 40, 46, 36, 38, 217, 218]",True,1,FirstHalf,1,Pass,1,Successful,Riccardo Saponara,86.8,57.5,,,,,,,,,,,
2349901951.0,369,39,16.0,Fiorentina,65.8,8.9,39,"[{'type': {'value': 178, 'displayName': 'StandingSave'}}, {'type': {'value': 212, 'displayName': 'Length'}, 'value': '18.0'}, {'type': {'value': 56, 'displayName': 'Zone'}, 'value': 'Center'}, {'type': {'value': 140, 'displayName': 'PassEndX'}, 'value': '69.8'}, {'type': {'value': 210, 'displayName': 'ShotAssist'}, 'value': '15'}, {'type': {'value': 213, 'displayName': 'Angle'}, 'value': '1.3'}, {'type': {'value': 141, 'displayName': 'PassEndY'}, 'value': '34.6'}, {'type': {'value': 11113, 'displayName': 'KeyPass'}}]","[91, 119, 117, 30, 123, 205, 40, 46, 36, 37, 217, 218]",True,1,FirstHalf,1,Pass,1,Successful,Giacomo Bonaventura,69.8,34.6,,,,,,,,,,,
2349909029.0,410,45,19.0,Fiorentina,80.3,15.8,45,"[{'type': {'value': 141, 'displayName': 'PassEndY'}, 'value': '29.2'}, {'type': {'value': 213, 'displayName': 'Angle'}, 'value': '1.8'}, {'type': {'value': 178, 'displayName': 'StandingSave'}}, {'type': {'value': 56, 'displayName': 'Zone'}, 'value': 'Center'}, {'type': {'value': 212, 'displayName': 'Length'}, 'value': '9.3'}, {'type': {'value': 210, 'displayName': 'ShotAssist'}, 'value': '15'}, {'type': {'value': 140, 'displayName': 'PassEndX'}, 'value': '78.7'}, {'type': {'value': 11113, 'displayName': 'KeyPass'}}]","[91, 119, 117, 30, 123, 205, 40, 46, 35, 37, 217, 218]",True,1,FirstHalf,1,Pass,1,Successful,Lorenzo Venuti,78.7,29.2,,,,,,,,,,,
2349936391.0,567,61,33.0,Fiorentina,93.2,33.6,63,"[{'type': {'value': 212, 'displayName': 'Length'}, 'value': '7.6'}, {'type': {'value': 140, 'displayName': 'PassEndX'}, 'value': '91.9'}, {'type': {'value': 154, 'displayName': 'IntentionalAssist'}}, {'type': {'value': 178, 'displayName': 'StandingSave'}}, {'type': {'value': 210, 'displayName': 'ShotAssist'}, 'value': '16'}, {'type': {'value': 22, 'displayName': 'RegularPlay'}}, {'type': {'value': 213, 'displayName': 'Angle'}, 'value': '1.8'}, {'type': {'value': 141, 'displayName': 'PassEndY'}, 'value': '44.6'}, {'type': {'value': 56, 'displayName': 'Zone'}, 'value': 'Center'}, {'type': {'value': 11111, 'displayName': 'IntentionalGoalAssist'}}, {'type': {'value': 11113, 'displayName': 'KeyPass'}}]","[91, 92, 100, 119, 117, 30, 123, 205, 40, 46, 52, 35, 37, 217, 218]",True,2,SecondHalf,1,Pass,1,Successful,Álvaro Odriozola,91.9,44.6,,,,,,,,,,,
2349946827.0,636,73,21.0,Fiorentina,93.2,34.0,75,"[{'type': {'value': 178, 'displayName': 'StandingSave'}}, {'type': {'value': 140, 'displayName': 'PassEndX'}, 'value': '91.2'}, {'type': {'value': 154, 'displayName': 'IntentionalAssist'}}, {'type': {'value': 212, 'displayName': 'Length'}, 'value': '10.7'}, {'type': {'value': 141, 'displayName': 'PassEndY'}, 'value': '49.4'}, {'type': {'value': 213, 'displayName': 'Angle'}, 'value': '1.8'}, {'type': {'value': 22, 'displayName': 'RegularPlay'}}, {'type': {'value': 56, 'displayName': 'Zone'}, 'value': 'Center'}, {'type': {'value': 210, 'displayName': 'ShotAssist'}, 'value': '16'}, {'type': {'value': 11111, 'displayName': 'IntentionalGoalAssist'}}, {'type': {'value': 11113, 'displayName': 'KeyPass'}}]","[91, 92, 100, 119, 117, 30, 123, 205, 40, 46, 52, 35, 37, 217, 218]",True,2,SecondHalf,1,Pass,1,Successful,José Callejón,91.2,49.4,,,,,,,,,,,
2357067437.0,147,13,32.0,Fiorentina,99.5,99.5,13,"[{'type': {'value': 154, 'displayName': 'IntentionalAssist'}}, {'type': {'value': 2, 'displayName': 'Cross'}}, {'type': {'value': 212, 'displayName': 'Length'}, 'value': '39.4'}, {'type': {'value': 140, 'displayName': 'PassEndX'}, 'value': '88.2'}, {'type': {'value': 155, 'displayName': 'Chipped'}}, {'type': {'value': 213, 'displayName': 'Angle'}, 'value': '4.4'}, {'type': {'value': 178, 'displayName': 'StandingSave'}}, {'type': {'value': 56, 'displayName': 'Zone'}, 'value': 'Center'}, {'type': {'value': 141, 'displayName': 'PassEndY'}, 'value': '44.2'}, {'type': {'value': 72, 'displayName': 'LeftFoot'}}, {'type': {'value': 6, 'displayName': 'CornerTaken'}}, {'type': {'value': 210, 'displayName': 'ShotAssist'}, 'value': '15'}, {'type': {'value': 1, 'displayName': 'Longball'}}, {'type': {'value': 11113, 'displayName': 'KeyPass'}}]","[91, 119, 123, 138, 124, 125, 31, 32, 34, 39, 41, 42, 35, 38, 217, 218]",True,1,FirstHalf,1,Pass,1,Successful,Cristiano Biraghi,88.2,44.2,,,,,,,,,,,
2359644377.0,549,56,18.0,Fiorentina,87.5,23.8,60,"[{'type': {'value': 56, 'displayName': 'Zone'}, 'value': 'Center'}, {'type': {'value': 154, 'displayName': 'IntentionalAssist'}}, {'type': {'value': 178, 'displayName': 'StandingSave'}}, {'type': {'value': 141, 'displayName': 'PassEndY'}, 'value': '54.0'}, {'type': {'value': 212, 'displayName': 'Length'}, 'value': '21.8'}, {'type': {'value': 210, 'displayName': 'ShotAssist'}, 'value': '16'}, {'type': {'value': 213, 'displayName': 'Angle'}, 'value': '1.2'}, {'type': {'value': 140, 'displayName': 'PassEndX'}, 'value': '94.5'}, {'type': {'value': 22, 'displayName': 'RegularPlay'}}, {'type': {'value': 11112, 'displayName': 'BigChanceCreated'}}, {'type': {'value': 11111, 'displayName': 'IntentionalGoalAssist'}}, {'type': {'value': 11113, 'displayName': 'KeyPass'}}]","[91, 92, 100, 119, 117, 30, 123, 203, 205, 40, 46, 52, 36, 37, 217, 218]",True,2,SecondHalf,1,Pass,1,Successful,José Callejón,94.5,54.0,,,,,,,,,,,
2361074323.0,117,9,12.0,Fiorentina,75.8,25.8,9,"[{'type': {'value': 178, 'displayName': 'StandingSave'}}, {'type': {'value': 213, 'displayName': 'Angle'}, 'value': '1.9'}, {'type': {'value': 141, 'displayName': 'PassEndY'}, 'value': '34.9'}, {'type': {'value': 140, 'displayName': 'PassEndX'}, 'value': '73.9'}, {'type': {'value': 210, 'displayName': 'ShotAssist'}, 'value': '15'}, {'type': {'value': 212, 'displayName': 'Length'}, 'value': '6.5'}, {'type': {'value': 56, 'displayName': 'Zone'}, 'value': 'Center'}, {'type': {'value': 11113, 'displayName': 'KeyPass'}}]","[91, 119, 117, 30, 123, 205, 40, 46, 35, 37, 217, 218]",True,1,FirstHalf,1,Pass,1,Successful,Giacomo Bonaventura,73.9,34.9,,,,,,,,,,,
2361079837.0,350,31,53.0,Fiorentina,90.9,23.3,31,"[{'type': {'value': 141, 'displayName': 'PassEndY'}, 'value': '53.8'}, {'type': {'value': 140, 'displayName': 'PassEndX'}, 'value': '94.4'}, {'type': {'value': 212, 'displayName': 'Length'}, 'value': '21.1'}, {'type': {'value': 20, 'displayName': 'RightFoot'}}, {'type': {'value': 155, 'displayName': 'Chipped'}}, {'type': {'value': 154, 'displayName': 'IntentionalAssist'}}, {'type': {'value': 56, 'displayName': 'Zone'}, 'value': 'Center'}, {'type': {'value': 178, 'displayName': 'StandingSave'}}, {'type': {'value': 2, 'displayName': 'Cross'}}, {'type': {'value': 210, 'displayName': 'ShotAssist'}, 'value': '16'}, {'type': {'value': 22, 'displayName': 'RegularPlay'}}, {'type': {'value': 213, 'displayName': 'Angle'}, 'value': '1.4'}, {'type': {'value': 11112, 'displayName': 'BigChanceCreated'}}, {'type': {'value': 11111, 'displayName': 'IntentionalGoalAssist'}}, {'type': {'value': 11113, 'displayName': 'KeyPass'}}]","[91, 92, 100, 119, 123, 137, 124, 125, 203, 40, 41, 47, 36, 37, 217, 218]",True,1,FirstHalf,1,Pass,1,Successful,Giacomo Bonaventura,94.4,53.8,,,,,,,,,,,
2361107051.0,812,82,55.0,Fiorentina,98.3,73.1,84,"[{'type': {'value': 154, 'displayName': 'IntentionalAssist'}}, {'type': {'value': 178, 'displayName': 'StandingSave'}}, {'type': {'value': 140, 'displayName': 'PassEndX'}, 'value': '94.7'}, {'type': {'value': 56, 'displayName': 'Zone'}, 'value': 'Center'}, {'type': {'value': 210, 'displayName': 'ShotAssist'}, 'value': '15'}, {'type': {'value': 155, 'displayName': 'Chipped'}}, {'type': {'value': 141, 'displayName': 'PassEndY'}, 'value': '45.8'}, {'type': {'value': 212, 'displayName': 'Length'}, 'value': '18.9'}, {'type': {'value': 213, 'displayName': 'Angle'}, 'value': '4.5'}, {'type': {'value': 11113, 'displayName': 'KeyPass'}}]","[91, 119, 117, 30, 123, 124, 205, 40, 46, 35, 38, 217, 218]",True,2,SecondHalf,1,Pass,1,Successful,Youssef Maleh,94.7,45.8,,,,,,,,,,,
2365323041.0,250,23,16.0,Fiorentina,87.9,81.1,23,"[{'type': {'value': 155, 'displayName': 'Chipped'}}, {'type': {'value': 154, 'displayName': 'IntentionalAssist'}}, {'type': {'value': 212, 'displayName': 'Length'}, 'value': '16.3'}, {'type': {'value': 178, 'displayName': 'StandingSave'}}, {'type': {'value': 140, 'displayName': 'PassEndX'}, 'value': '94.8'}, {'type': {'value': 56, 'displayName': 'Zone'}, 'value': 'Center'}, {'type': {'value': 210, 'displayName': 'ShotAssist'}, 'value': '13'}, {'type': {'value': 213, 'displayName': 'Angle'}, 'value': '5.2'}, {'type': {'value': 72, 'displayName': 'LeftFoot'}}, {'type': {'value': 2, 'displayName': 'Cross'}}, {'type': {'value': 141, 'displayName': 'PassEndY'}, 'value': '59.6'}, {'type': {'value': 11113, 'displayName': 'KeyPass'}}]","[91, 119, 123, 138, 124, 125, 40, 41, 36, 38, 217, 218]",True,1,FirstHalf,1,Pass,1,Successful,Cristiano Biraghi,94.8,59.6,,,,,,,,,,,
2365434723.0,849,74,22.0,Fiorentina,95.4,80.2,77,"[{'type': {'value': 154, 'displayName': 'IntentionalAssist'}}, {'type': {'value': 56, 'displayName': 'Zone'}, 'value': 'Center'}, {'type': {'value': 2, 'displayName': 'Cross'}}, {'type': {'value': 140, 'displayName': 'PassEndX'}, 'value': '92.6'}, {'type': {'value': 72, 'displayName': 'LeftFoot'}}, {'type': {'value': 210, 'displayName': 'ShotAssist'}, 'value': '13'}, {'type': {'value': 141, 'displayName': 'PassEndY'}, 'value': '57.9'}, {'type': {'value': 178, 'displayName': 'StandingSave'}}, {'type': {'value': 213, 'displayName': 'Angle'}, 'value': '4.5'}, {'type': {'value': 212, 'displayName': 'Length'}, 'value': '15.4'}, {'type': {'value': 11113, 'displayName': 'KeyPass'}}]","[91, 119, 123, 138, 125, 40, 41, 35, 38, 217, 218]",True,2,SecondHalf,1,Pass,1,Successful,Riccardo Sottil,92.6,57.9,,,,,,,,,,,
2365446853.0,912,79,24.0,Fiorentina,77.9,80.6,82,"[{'type': {'value': 154, 'displayName': 'IntentionalAssist'}}, {'type': {'value': 213, 'displayName': 'Angle'}, 'value': '5.9'}, {'type': {'value': 141, 'displayName': 'PassEndY'}, 'value': '69.7'}, {'type': {'value': 56, 'displayName': 'Zone'}, 'value': 'Center'}, {'type': {'value': 140, 'displayName': 'PassEndX'}, 'value': '96.1'}, {'type': {'value': 210, 'displayName': 'ShotAssist'}, 'value': '15'}, {'type': {'value': 178, 'displayName': 'StandingSave'}}, {'type': {'value': 212, 'displayName': 'Length'}, 'value': '20.5'}, {'type': {'value': 11113, 'displayName': 'KeyPass'}}]","[91, 119, 117, 30, 123, 205, 40, 46, 36, 38, 217, 218]",True,2,SecondHalf,1,Pass,1,Successful,Riccardo Sottil,96.1,69.7,,,,,,,,,,,
2365455585.0,960,83,11.0,Fiorentina,93.3,80.2,86,"[{'type': {'value': 210, 'displayName': 'ShotAssist'}, 'value': '16'}, {'type': {'value': 56, 'displayName': 'Zone'}, 'value': 'Center'}, {'type': {'value': 140, 'displayName': 'PassEndX'}, 'value': '93.2'}, {'type': {'value': 154, 'displayName': 'IntentionalAssist'}}, {'type': {'value': 178, 'displayName': 'StandingSave'}}, {'type': {'value': 212, 'displayName': 'Length'}, 'value': '14.9'}, {'type': {'value': 213, 'displayName': 'Angle'}, 'value': '4.7'}, {'type': {'value': 141, 'displayName': 'PassEndY'}, 'value': '58.3'}, {'type': {'value': 22, 'displayName': 'RegularPlay'}}, {'type': {'value': 11112, 'displayName': 'BigChanceCreated'}}, {'type': {'value': 11111, 'displayName': 'IntentionalGoalAssist'}}, {'type': {'value': 11113, 'displayName': 'KeyPass'}}]","[91, 92, 100, 119, 117, 30, 123, 203, 205, 40, 46, 52, 35, 38, 217, 218]",True,2,SecondHalf,1,Pass,1,Successful,Riccardo Sottil,93.2,58.3,,,,,,,,,,,
2365463907.0,1028,89,18.0,Fiorentina,86.6,56.7,92,"[{'type': {'value': 212, 'displayName': 'Length'}, 'value': '7.9'}, {'type': {'value': 178, 'displayName': 'StandingSave'}}, {'type': {'value': 154, 'displayName': 'IntentionalAssist'}}, {'type': {'value': 213, 'displayName': 'Angle'}, 'value': '3.8'}, {'type': {'value': 141, 'displayName': 'PassEndY'}, 'value': '49.9'}, {'type': {'value': 56, 'displayName': 'Zone'}, 'value': 'Center'}, {'type': {'value': 210, 'displayName': 'ShotAssist'}, 'value': '15'}, {'type': {'value': 140, 'displayName': 'PassEndX'}, 'value': '80.5'}, {'type': {'value': 11113, 'displayName': 'KeyPass'}}]","[91, 119, 117, 30, 123, 205, 40, 46, 35, 38, 217, 218]",True,2,SecondHalf,1,Pass,1,Successful,Youssef Maleh,80.5,49.9,,,,,,,,,,,
2368509487.0,23,1,59.0,Fiorentina,84.0,34.5,1,"[{'type': {'value': 212, 'displayName': 'Length'}, 'value': '8.2'}, {'type': {'value': 154, 'displayName': 'IntentionalAssist'}}, {'type': {'value': 213, 'displayName': 'Angle'}, 'value': '1.2'}, {'type': {'value': 56, 'displayName': 'Zone'}, 'value': 'Center'}, {'type': {'value': 140, 'displayName': 'PassEndX'}, 'value': '86.6'}, {'type': {'value': 141, 'displayName': 'PassEndY'}, 'value': '45.8'}, {'type': {'value': 3, 'displayName': 'HeadPass'}}, {'type': {'value': 210, 'displayName': 'ShotAssist'}, 'value': '13'}, {'type': {'value': 11113, 'displayName': 'KeyPass'}}]","[91, 119, 117, 30, 123, 139, 205, 40, 46, 36, 37, 217, 218]",True,1,FirstHalf,1,Pass,1,Successful,Giacomo Bonaventura,86.6,45.8,,,,,,,,,,,
2368521777.0,438,45,28.0,Fiorentina,98.4,25.4,45,"[{'type': {'value': 154, 'displayName': 'IntentionalAssist'}}, {'type': {'value': 178, 'displayName': 'StandingSave'}}, {'type': {'value': 213, 'displayName': 'Angle'}, 'value': '2.0'}, {'type': {'value': 210, 'displayName': 'ShotAssist'}, 'value': '13'}, {'type': {'value': 141, 'displayName': 'PassEndY'}, 'value': '47.8'}, {'type': {'value': 212, 'displayName': 'Length'}, 'value': '17.1'}, {'type': {'value': 155, 'displayName': 'Chipped'}}, {'type': {'value': 140, 'displayName': 'PassEndX'}, 'value': '90.9'}, {'type': {'value': 56, 'displayName': 'Zone'}, 'value': 'Center'}, {'type': {'value': 11113, 'displayName': 'KeyPass'}}]","[91, 119, 117, 30, 123, 124, 205, 40, 46, 35, 37, 217, 218]",True,1,FirstHalf,1,Pass,1,Successful,Álvaro Odriozola,90.9,47.8,,,,,,,,,,,
2368528401.0,481,45,31.0,Fiorentina,97.9,33.3,48,"[{'type': {'value': 140, 'displayName': 'PassEndX'}, 'value': '94.8'}, {'type': {'value': 154, 'displayName': 'IntentionalAssist'}}, {'type': {'value': 141, 'displayName': 'PassEndY'}, 'value': '43.6'}, {'type': {'value': 213, 'displayName': 'Angle'}, 'value': '2.0'}, {'type': {'value': 212, 'displayName': 'Length'}, 'value': '7.7'}, {'type': {'value': 56, 'displayName': 'Zone'}, 'value': 'Center'}, {'type': {'value': 178, 'displayName': 'StandingSave'}}, {'type': {'value': 210, 'displayName': 'ShotAssist'}, 'value': '15'}, {'type': {'value': 11113, 'displayName': 'KeyPass'}}]","[91, 119, 117, 30, 123, 205, 40, 46, 35, 37, 217, 218]",True,2,SecondHalf,1,Pass,1,Successful,Álvaro Odriozola,94.8,43.6,,,,,,,,,,,
2368531363.0,558,50,46.0,Fiorentina,63.7,35.8,53,"[{'type': {'value': 178, 'displayName': 'StandingSave'}}, {'type': {'value': 154, 'displayName': 'IntentionalAssist'}}, {'type': {'value': 140, 'displayName': 'PassEndX'}, 'value': '74.4'}, {'type': {'value': 213, 'displayName': 'Angle'}, 'value': '0.7'}, {'type': {'value': 141, 'displayName': 'PassEndY'}, 'value': '48.7'}, {'type': {'value': 22, 'displayName': 'RegularPlay'}}, {'type': {'value': 4, 'displayName': 'Throughball'}}, {'type': {'value': 56, 'displayName': 'Zone'}, 'value': 'Center'}, {'type': {'value': 212, 'displayName': 'Length'}, 'value': '14.3'}, {'type': {'value': 210, 'displayName': 'ShotAssist'}, 'value': '16'}, {'type': {'value': 11112, 'displayName': 'BigChanceCreated'}}, {'type': {'value': 11111, 'displayName': 'IntentionalGoalAssist'}}, {'type': {'value': 11113, 'displayName': 'KeyPass'}}]","[91, 92, 100, 119, 117, 30, 123, 129, 203, 205, 40, 43, 49, 36, 37, 217, 218]",True,2,SecondHalf,1,Pass,1,Successful,Lucas Torreira,74.4,48.7,,,,,,,,,,,
2369577851.0,242,18,50.0,Fiorentina,69.7,62.4,18,"[{'type': {'value': 210, 'displayName': 'ShotAssist'}, 'value': '13'}, {'type': {'value': 141, 'displayName': 'PassEndY'}, 'value': '72.7'}, {'type': {'value': 140, 'displayName': 'PassEndX'}, 'value': '90.8'}, {'type': {'value': 212, 'displayName': 'Length'}, 'value': '23.2'}, {'type': {'value': 56, 'displayName': 'Zone'}, 'value': 'Center'}, {'type': {'value': 213, 'displayName': 'Angle'}, 'value': '0.3'}, {'type': {'value': 178, 'displayName': 'StandingSave'}}, {'type': {'value': 11113, 'displayName': 'KeyPass'}}]","[91, 119, 117, 30, 123, 205, 40, 46, 36, 37, 217, 218]",True,1,FirstHalf,1,Pass,1,Successful,Lucas Torreira,90.8,72.7,,,,,,,,,,,
2369603189.0,820,79,10.0,Fiorentina,64.2,76.0,80,"[{'type': {'value': 140, 'displayName': 'PassEndX'}, 'value': '92.1'}, {'type': {'value': 56, 'displayName': 'Zone'}, 'value': 'Center'}, {'type': {'value': 154, 'displayName': 'IntentionalAssist'}}, {'type': {'value': 178, 'displayName': 'StandingSave'}}, {'type': {'value': 210, 'displayName': 'ShotAssist'}, 'value': '13'}, {'type': {'value': 141, 'displayName': 'PassEndY'}, 'value': '73.5'}, {'type': {'value': 213, 'displayName': 'Angle'}, 'value': '6.2'}, {'type': {'value': 212, 'displayName': 'Length'}, 'value': '29.3'}, {'type': {'value': 11113, 'displayName': 'KeyPass'}}]","[91, 119, 117, 30, 123, 205, 40, 46, 36, 38, 217, 218]",True,2,SecondHalf,1,Pass,1,Successful,Joseph Alfred Duncan,92.1,73.5,,,,,,,,,,,
2372800305.0,237,26,14.0,Fiorentina,94.6,24.5,26,"[{'type': {'value': 140, 'displayName': 'PassEndX'}, 'value': '88.4'}, {'type': {'value': 56, 'displayName': 'Zone'}, 'value': 'Center'}, {'type': {'value': 210, 'displayName': 'ShotAssist'}, 'value': '15'}, {'type': {'value': 178, 'displayName': 'StandingSave'}}, {'type': {'value': 154, 'displayName': 'IntentionalAssist'}}, {'type': {'value': 213, 'displayName': 'Angle'}, 'value': '2.0'}, {'type': {'value': 141, 'displayName': 'PassEndY'}, 'value': '44.0'}, {'type': {'value': 212, 'displayName': 'Length'}, 'value': '14.8'}, {'type': {'value': 11113, 'displayName': 'KeyPass'}}]","[91, 119, 117, 30, 123, 205, 40, 46, 35, 37, 217, 218]",True,1,FirstHalf,1,Pass,1,Successful,Álvaro Odriozola,88.4,44.0,,,,,,,,,,,
